age,weights
1,0.11823272
2,0.11823272
3,0.11823272
4,0.11823272
5,0.10541382
6,0.10541382
7,0.10541382
8,0.10541382
9,0.10541382
