lamba,ucl_est,lcl_est
0.10098999185707636,0.08088022886834603,0.14089913572989143
