lamba,ucl_est,lcl_est
0.10924561214159696,0.08593419396789928,0.13732331730514727
