lamba,ucl_est,lcl_est
0.1038928902333549,0.08022986231804524,0.13819105255250905
