lamba,ucl_est,lcl_est
0.0189895699169126,0.010245916923162002,0.03627079636470455
