lamba,ucl_est,lcl_est
0.05652227345068053,0.04111542514743579,0.08025144205891431
