lamba,ucl_est,lcl_est
0.011154556059020136,0.008011517866214367,0.01694372956262014
