lamba,ucl_est,lcl_est
0.021215850128304636,0.01131477039547499,0.03617098827785963
