lamba,ucl_est,lcl_est
0.009735855469892444,0.006895178308414031,0.014762016249765376
