lamba,ucl_est,lcl_est
0.016815757514257193,0.007872474393315903,0.02906704227820838
