lamba,ucl_est,lcl_est
0.0070769909687316635,0.004785886991493743,0.011270274872284259
