lamba,ucl_est,lcl_est
0.01343048884060854,0.008809264537381956,0.022084061725308794
