lamba,ucl_est,lcl_est
0.02852207104778208,0.018456123421790246,0.04586661293604886
