lamba,ucl_est,lcl_est
0.007334681140995513,0.004734987561445318,0.010593442533943582
