lamba,ucl_est,lcl_est
0.008120802982110896,0.0044172264434515765,0.01474500635091791
