lamba,ucl_est,lcl_est
0.01040499699243045,0.007372111341361199,0.014587311958575759
