lamba,ucl_est,lcl_est
0.010111759625644626,0.0076152348691062854,0.013974707388548129
