age,weights
1,0.10691605
2,0.10691605
3,0.10691605
4,0.10691605
5,0.11446716
6,0.11446716
7,0.11446716
8,0.11446716
9,0.11446716
